{
    "display": 10,
    "items": [
        {
            "bloggerlink": "https://blog.naver.com/yium797979",
            "bloggername": "하이! 미세스뽀",
            "description": "역대급으로 강력할거라는 <b>태풍</b> 힌남노때문에 다들 걱정 많으시죠 저 역시 하루에도 몇번씩 뉴스를 들여다보며 <b>태풍</b>의 이동경로를 체크하고 있는데 아무래도 우리동네는 영향권에서 벗어나긴 힘들것 같네요... ",
            "link": "https://blog.naver.com/yium797979?Redirect=Log&logNo=222866077279",
            "postdate": "20220904",
            "title": "<b>태풍</b> 왔을때 창문 고정 및 넘치는 빗물 수습하는 법"
        },
        {
            "bloggerlink": "https://blog.naver.com/qmfosej",
            "bloggername": "뷰티 데일리 @이람님",
            "description": "곧 추석을 앞두고 있는데 역대급 <b>태풍</b> 소식이 들려오며 다들 긴장하게 되는 때인 것 같아요 저는... 따라서 <b>태풍</b> 힌남노가 급격히 방향을 바꾸어 한반도로 북상하고 있다는 소식을 들어 어떻게 기후관측이... ",
            "link": "https://blog.naver.com/qmfosej?Redirect=Log&logNo=222865694753",
            "postdate": "20220903",
            "title": "<b>태풍</b> 힌남노 예상 경로 역대급 <b>태풍</b> 매미 비교 분석!+ 한남노... "
        },
        {
            "bloggerlink": "https://blog.naver.com/qudwns2995",
            "bloggername": "할줄아는 거라곤 낚시뿐인 블로그",
            "description": "이번에 오는 <b>태풍</b>은 예전에 매미급이라 하는데.. 제발 피해없이 일본쪽으로 돌아 가길.... 부산... <b>태풍</b> 무탈하게 지나가고, 부산권 풀치 좀 붙길. ㅡㅡㅡㅡㅡㅡㅡㅡㅡㅡㅡㅡㅡㅡㅡㅡㅡㅡㅡㅡㅡ 그리고, 내가 하는... ",
            "link": "https://blog.naver.com/qudwns2995?Redirect=Log&logNo=222866226619",
            "postdate": "20220904",
            "title": "<b>태풍</b>전 부산권 무늬낚시"
        },
        {
            "bloggerlink": "https://blog.naver.com/suji2573",
            "bloggername": "자유로운 수G네",
            "description": "다음주 중에 다가오는 <b>태풍</b>의 영향으로 판단됩니다 7월과 8월에는 장마가 있다면, 9월 10월에는 <b>태풍</b>이 오곤 하는 듯 해요. 과거에도 큰 <b>태풍</b>들이 오면서 많은 분들에게 피해를 끼쳤는데, 이번에도 큰... ",
            "link": "https://blog.naver.com/suji2573?Redirect=Log&logNo=222866613183",
            "postdate": "20220904",
            "title": "<b>태풍</b> 관련주 :: 코리아에스이, 우원개발 주가 (ft. 힌남노 경로)"
        },
        {
            "bloggerlink": "https://blog.naver.com/1day1study",
            "bloggername": "새삶조각사의 그냥쫌해",
            "description": "<b>태풍</b> 힌남노를 대비한 재난안전상황실이 총력 대응 태세에 들어갔다는 뉴스가 연일 나오고 있습니다. 서귀포에는 6일 새벽 2시에 접근한다고 하며, 이어 부산에는 오전 9시, 서울은 오전 10시에 <b>태풍</b> 힌남노의... ",
            "link": "https://blog.naver.com/1day1study?Redirect=Log&logNo=222866318828",
            "postdate": "20220904",
            "title": "<b>태풍</b> 힌남노 대비 방법 대처법"
        },
        {
            "bloggerlink": "https://blog.naver.com/1004dkny",
            "bloggername": "독과노인 블로그",
            "description": "또 <b>태풍</b> 소식에 지금도 비가 내리고 있으니... #낚시의기록 #배스낚시 #고삼지 #220904 크록스 신고... 철수 돌아오는 길 쏟아지는 비를 보니 서둘러 철수하길 다행이네요 이번 <b>태풍</b>에 피해 없이 지나가길 바랍니다.",
            "link": "https://blog.naver.com/1004dkny?Redirect=Log&logNo=222866686265",
            "postdate": "20220904",
            "title": "고삼지 배스낚시 <b>태풍</b>이 오기 전"
        },
        {
            "bloggerlink": "https://blog.naver.com/ottugy66",
            "bloggername": "일상, 그 소중한 보물",
            "description": "<b>태풍</b>이 온다는 예고가 잇어서 모두 긴장하고 준비를 하고 있다. 현장에 임시로 쳐 놓은 가설울타리가 불안해서 바음판을 해체했다. 그리고 퇴근을 하고 집에 들러서, 아직은 <b>태풍</b>이 아니지~~! 하는 마음에 낚시를... ",
            "link": "https://blog.naver.com/ottugy66?Redirect=Log&logNo=222866049109",
            "postdate": "20220904",
            "title": "22.09.02 <b>태풍</b>이라고? 그렇군... 낚시~~!!"
        },
        {
            "bloggerlink": "https://blog.naver.com/kimbj1096",
            "bloggername": "위드제이하우스의 건축이야기",
            "description": "강력한 <b>태풍</b> 힌남노가 제주에 직접적인 영향을 미칠 수 있다는 일기예보에 현장은 컨테이너를 철수하고... 공병장교를 지내셨던 건축주님의 지난 시절 경험이 현장에서도 보입니다 ~^^ <b>태풍</b>에 미리 대비하는... ",
            "link": "https://blog.naver.com/kimbj1096?Redirect=Log&logNo=222866187850",
            "postdate": "20220904",
            "title": "<b>태풍</b> 힌남노를 대비하는 제주 목조주택 현장은 지금!!!"
        },
        {
            "bloggerlink": "https://blog.naver.com/msql",
            "bloggername": "소유보다 경험을",
            "description": "11호 <b>태풍</b> 힌남노가 북상함에 따라 우리나라에도 많은 영향을 줄 것으로 예측되고 있습니다.... 실시간 <b>태풍</b> 위치 확인 시각적으로 가장 좋은 확인 방법은 earth.nullschool을 확인하는... ",
            "link": "https://blog.naver.com/msql?Redirect=Log&logNo=222866885019",
            "postdate": "20220905",
            "title": "힌남노 <b>태풍</b> 실시간 위치 및 예상 경로(일본, 유럽 기상청... "
        },
        {
            "bloggerlink": "https://blog.naver.com/rla8504",
            "bloggername": "가족농원에서왔어요(rla8504)",
            "description": "담양 가족농원 맨꽝입니다 현재 <b>태풍</b> 힌남노가 북상중입니다 이에 따른 비상근무중인 동료분들이 수고가 많으십니다 저도 부모님 댁 주변과 지인들 <b>태풍</b> 대비하시라고 안부 드리고 농장 주변 정리해 봅니다... ",
            "link": "https://blog.naver.com/rla8504?Redirect=Log&logNo=222866692920",
            "postdate": "20220904",
            "title": "<b>태풍</b> 힌남노가 올라옵니다"
        }
    ],
    "lastBuildDate": "Mon, 05 Sep 2022 10:48:11 +0900",
    "start": 1,
    "total": 2946485
}